"","Tu_Regime","Te_Regime","Replicate","Environment","Tu_distance_lower","Tu_distance","Tu_distance_upper","Te_distance_lower","Te_distance","Te_distance_upper","minDistance_L","minDistance","minDistance_U"
"V1","SR1","SR4",1,"N",-0.0258173374846223,-0.0176452370092218,0.0041678448462258,-0.315963720381785,-0.285472779149779,0.207664942201867,-0.0258173374846223,-0.0176452370092218,0.0041678448462258
"V2","SR2","SR4",1,"N",0.0800847041913287,0.14753621931078,0.281399706369517,0.116346495627267,0.181875748619208,0.208375952365474,0.0800847041913287,0.14753621931078,0.281399706369517
"V3","SR1","SR5",1,"N",-0.282186637743259,-0.180463692907807,-0.133356521871431,-0.375435504867918,-0.327419441265823,-0.304582113241275,-0.282186637743259,-0.180463692907807,-0.133356521871431
"V4","SR2","SR5",1,"N",0.15651966798696,0.212457511581183,0.318590073503909,0.339794316425297,0.343619760037308,0.352112569492262,0.15651966798696,0.212457511581183,0.318590073503909
"V5","SR1","SR4",2,"N",-0.108471548314847,-0.0852767477500162,0.0435020869805651,-0.60496474989046,-0.43273981636255,1.63557943558747,-0.108471548314847,-0.0852767477500162,0.0435020869805651
"V6","SR1","SR5",2,"N",-0.0779641402101717,-0.00982978016697928,0.0453376705341936,-0.469158449256532,-0.0370222061253899,0.131361060163678,-0.0779641402101717,-0.00982978016697928,0.0453376705341936
"V7","SR1","SR4",3,"N",-0.408897657199188,-0.3288312272603,-0.277991242298512,-0.552336232358749,-0.513114203638586,-0.490550343563552,-0.408897657199188,-0.3288312272603,-0.277991242298512
"V8","SR2","SR4",3,"N",-0.218570782517463,-0.210262828635735,-0.207434690193091,-0.289462553955423,-0.205887294224568,-0.0307540604115577,-0.289462553955423,-0.205887294224568,-0.0307540604115577
"V9","SR1","SR5",3,"N",-0.723603977670943,-0.487213507794691,-0.347627097060774,-0.297587263510555,-0.243815527466994,-0.210858476389628,-0.297587263510555,-0.243815527466994,-0.210858476389628
"V10","SR2","SR5",3,"N",-0.115010414930203,0.137721333561306,0.213119673390135,-0.00350193063695105,0.114405879992139,0.329348153588022,-0.00350193063695105,0.114405879992139,0.329348153588022
"V11","SR1","SR4",4,"N",-0.0227666616729901,-0.0103106030217781,0.0168155110653604,-0.340350429856141,-0.339605043167345,0.341835136639555,-0.0227666616729901,-0.0103106030217781,0.0168155110653604
"V12","SR2","SR4",4,"N",-0.108714937659254,-0.0919040541968567,0.0397718765008404,-0.18027084492606,-0.058880047021897,0.218351511569555,-0.18027084492606,-0.058880047021897,0.218351511569555
"V13","SR1","SR5",4,"N",-0.00131680799761795,0.0258107802178793,0.0729698376990828,-0.32743091708071,0.379680141980794,0.47389853605619,-0.00131680799761795,0.0258107802178793,0.0729698376990828
"V14","SR2","SR5",4,"N",-0.12796431641627,-0.040526184497754,0.016224892622074,-0.248708542460231,-0.134836975546446,0.0186961850679294,-0.12796431641627,-0.040526184497754,0.016224892622074
"V15","SR1","SR4",5,"N",0.214215651716277,0.332075150836597,2.60454340618951,0.0854717419525179,0.186112965033852,0.231667688753996,0.0854717419525179,0.186112965033852,0.231667688753996
"V16","SR2","SR4",5,"N",0.0204881877584316,0.0569395657591012,0.11415157796667,0.366492819437062,0.423360335005739,0.519282002044848,0.0204881877584316,0.0569395657591012,0.11415157796667
"V17","SR1","SR5",5,"N",-2.69680869365017,-0.31358424395917,0.220301807581947,-0.304141213185201,-0.102291003670175,0.0026500835554178,-0.304141213185201,-0.102291003670175,0.0026500835554178
"V18","SR2","SR5",5,"N",-0.104663266518425,-0.0483749584097594,-0.0107768331347075,-0.831141789298924,-0.527288812255092,-0.334046680241858,-0.104663266518425,-0.0483749584097594,-0.0107768331347075
"V19","SR1","SR4",1,"Cd",-0.488203453779872,-0.0825298384917608,0.068027393861334,-0.150212541368633,-0.0852507766977284,0.0546390636941824,-0.488203453779872,-0.0825298384917608,0.068027393861334
"V20","SR2","SR4",1,"Cd",0.000909207337283734,0.136066741760999,0.64002405766271,0.0141451956148794,0.155774595165702,0.536485133088289,0.000909207337283734,0.136066741760999,0.64002405766271
"V21","SR1","SR5",1,"Cd",-2.72015315640874,-0.201872896588865,-0.115284058990819,-0.184944972493113,-0.0871143666299182,-0.0405721459833475,-0.184944972493113,-0.0871143666299182,-0.0405721459833475
"V22","SR2","SR5",1,"Cd",-0.119243801667387,0.264404651316203,0.77207345071922,-0.00207670262492734,0.0855324196218597,0.280714167423134,-0.00207670262492734,0.0855324196218597,0.280714167423134
"V23","SR1","SR4",2,"Cd",-2.41800298854173,-1.94109063228334,-0.579440760119567,-2.24605512480267,-0.496600187634866,-0.113857399840189,-2.24605512480267,-0.496600187634866,-0.113857399840189
"V24","SR1","SR5",2,"Cd",-2.48873149875929,-0.491931943642186,-0.392716232984377,-1.04993039481373,-0.502987778507562,-0.354796138243824,-2.48873149875929,-0.491931943642186,-0.392716232984377
"V25","SR1","SR4",3,"Cd",-2.58702570217404,-0.428309800279425,-0.37677223205821,-1.07053544473833,-0.904890931518567,-0.343222350860364,-2.58702570217404,-0.428309800279425,-0.37677223205821
"V26","SR2","SR4",3,"Cd",-1.92383210401862,-0.518652043157656,-0.404790759123043,-1.86235755534726,-0.200311512371827,-0.156496176998402,-1.86235755534726,-0.200311512371827,-0.156496176998402
"V27","SR1","SR5",3,"Cd",-2.5000584959101,-0.474545310457939,-0.412698566737867,-1.64856567517321,-0.893034614344066,-0.46420434343816,-2.5000584959101,-0.474545310457939,-0.412698566737867
"V28","SR2","SR5",3,"Cd",-0.0402578246370423,0.542851773285943,0.550871788920361,-0.0334470322192134,0.0332277646871804,0.342334997124799,-0.0334470322192134,0.0332277646871804,0.342334997124799
"V29","SR1","SR4",4,"Cd",-2.36930768560048,-1.41975599568267,-0.504633375736958,-0.445965598514446,-0.37713490287068,-0.195910618501127,-0.445965598514446,-0.37713490287068,-0.195910618501127
"V30","SR2","SR4",4,"Cd",-1.9220517302625,-0.540859652306787,-0.37129415713582,-1.09001168101176,-0.390341402821785,-0.225518632874995,-1.09001168101176,-0.390341402821785,-0.225518632874995
"V31","SR1","SR5",4,"Cd",-2.59041559346396,-0.369955744343506,0.282145763155865,-0.270229995524825,-0.0615019340078907,0.00534037378021857,-0.270229995524825,-0.0615019340078907,0.00534037378021857
"V32","SR2","SR5",4,"Cd",-0.359059351618656,-0.166622370723291,-0.0949172966057669,-1.53757099976221,-0.875196836906317,-0.388025226369508,-0.359059351618656,-0.166622370723291,-0.0949172966057669
"V33","SR1","SR4",5,"Cd",-2.42401215691701,-0.579444150822755,-0.117809515133164,-0.224840836346798,-0.132004973946854,-0.0994202842853773,-0.224840836346798,-0.132004973946854,-0.0994202842853773
"V34","SR2","SR4",5,"Cd",-0.131029066356187,0.342864492627145,0.547565313066459,-0.0394555928634144,0.106067833649154,0.143913540514787,-0.0394555928634144,0.106067833649154,0.143913540514787
"V35","SR1","SR5",5,"Cd",-2.4711763575776,0.0120268980720185,0.115611304082698,-1.52713354347423,0.604456980000097,1.02894748572203,-2.4711763575776,0.0120268980720185,0.115611304082698
"V36","SR2","SR5",5,"Cd",-0.236432331405336,-0.0326239436738433,0.119103191760331,-0.631420743237132,-0.132259068261304,0.0420176445052305,-0.236432331405336,-0.0326239436738433,0.119103191760331
