"","Tu_Regime","Te_Regime","Replicate","Environment","Tu_lambda","Te_lambda","Tu_intra","Te_intra","Tu_inter","Te_inter","ND","FD","Feasibility","ND_L","FD_L","Feasibility_L","ND_U","FD_U","Feasibility_U","a21_a11","a22_a12","a21_a11_lower","a22_a12_lower","a21_a11_upper","a22_a12_upper","distanceTu","distanceTe","distanceTu_lower","distanceTu_upper","distanceTe_lower","distanceTe_upper"
"V1","SR1","SR4",1,"N",2.91108875463798,4.14227889358751,0.0685890215945646,-0.0961245454420858,0.0680465621200521,0.145543243346481,0.123025794928463,24.935224040274,1,0.191897660306841,26.6538854773776,1,0.0110025437270481,20.176466581179,1,2.1219612113262,-1.4126289770892,2.01274380044884,-4.14098914863651,2.18053029282204,-0.508329967965129,0.172191573869478,1.22859404281942,0.151473963447538,0.18259977703924,0.849537393667096,1.7130927158814
"V2","SR2","SR4",1,"N",2.47635246836682,4.14227889358751,0.0217948210900936,-0.0961245454420858,0.0483430478497499,0.0953226188621155,0.193193685217764,26.1090341147452,1,0.267211701195587,24.0007407806184,1,0.0855520267802968,22.2822180889507,1,4.37363621697461,-1.98838405350115,15.6832131292632,-5.76759730978862,3.46826092249448,-0.718037379820592,0.314038836963065,1.00479937735542,0.475141496146005,0.258102429479846,0.710493464884335,1.48688477368641
"V3","SR1","SR5",1,"N",2.91108875463798,6.83648105704785,0.0685890215945646,0.0799841064475968,0.0728510623121995,0.104629508880496,-0.996092498793138,7.36103381134085,0,-1.04191455692677,9.513940478171,0,-0.97778439765429,6.64714769804364,0,1.52545562610544,1.09791269899166,1.21373936135842,0.911299411559092,1.69261702616872,1.18977022033229,-0.177698897296095,-0.336198208138006,-0.286582927533904,-0.131065831113226,-0.429211100852267,-0.296389669297514
"V4","SR2","SR5",1,"N",2.47635246836682,6.83648105704785,0.0217948210900936,0.0799841064475968,0.0676470980227685,0.15424492603082,-0.446650502928575,2.11058128448007,1,-0.32853172700834,0.710078528724408,1,-0.514527608372616,3.05409799083646,1,7.07713660016824,1.18237306234003,32.0656039454291,1.03462743235657,5.07671331671713,1.24965376379926,0.207154149800229,0.354500519980818,0.316348995346475,0.153037005082676,0.420855797420779,0.327351125865873
"V5","SR1","SR4",2,"N",2.84055272130546,7.73455306373745,0.0601896202827699,0.0348290980675009,0.0495737755892348,0.129155945703387,-0.478242599482576,9.89095302889186,0,-0.0220917624712783,20.6742561260365,1,-0.688272452489509,8.86096130530525,0,2.14581758609897,0.702571019728104,2.47769524395458,-0.315594375453507,1.99329581228289,0.99682978093044,-0.0841350971690089,-0.606383688888068,0.0316434907688861,-0.113028810794426,1.61705811232991,-0.435022547860791
"V6","SR1","SR5",2,"N",2.84055272130546,7.33572411227183,0.0601896202827699,0.0969641902026444,0.0237179763969459,0.137661570282871,-0.959865366484828,1.2434169777459,1,-0.545219157255924,7.8544263137254,0,-1.58481320797303,2.303419015627,0,2.28713139634607,4.08821514027353,2.76774147255457,-9.87712500216246,2.06625632505972,2.30156670577042,0.0427404565825548,0.129547337529999,-0.0227316874437618,-0.0812967493994684,-0.47034265553343,-0.0404359678618239
"V7","SR1","SR4",3,"N",3.99364588983644,13.9150875833003,0.114611419489523,0.110420928480155,0.11119717326555,0.165155563304846,-0.93547677127267,11.9831807714593,0,-1.00408021143744,13.6996544917511,0,-0.889502502194205,11.0794873558541,0,1.44100443080145,0.993019203972557,1.18130535351444,0.864259821791071,1.63452239069878,1.06990229851989,-0.327172044739224,-0.509411792555334,-0.422981978734772,-0.269561486138735,-0.578592753707806,-0.472151192440872
"V8","SR2","SR4",3,"N",3.8215781072012,13.9150875833003,0.0502583892030162,0.110420928480155,0.0566221946552034,0.0975574744096942,-2.92098631089711,5.9226058771834,0,-0.82340855586776,4.16429271767631,0,-1.25200446059716,6.97188239928498,0,1.94111820845702,1.95013508664853,1.63898790090765,3.10102335935245,2.03958489345016,1.65404282853645,-0.207680059954599,-0.20579583146467,-0.279809292554438,-0.187826813070232,-0.0439183198800195,-0.275752428422396
"V9","SR1","SR5",3,"N",3.99364588983644,8.53524597449042,0.114611419489523,0.123948400618819,0.106497004947339,0.102534345907046,-1.07836871001817,9.67571011838394,0,-0.755935142541502,12.9937629323852,0,-1.48116178409987,7.92085368297417,0,0.894625913924912,1.16386747852777,0.564411503023971,1.00799633246645,1.14068924150317,1.26769161740569,-0.403318411941306,-0.272173584196014,-0.619316123008912,-0.282131205911117,-0.34377607198751,-0.230256207916613
"V10","SR2","SR5",3,"N",3.8215781072012,8.53524597449042,0.0502583892030162,0.123948400618819,0.0427106345598712,0.0805638425952074,-0.842169059191164,0.682596946229147,1,-0.491105407184063,2.20243483460867,1,-1.18565186338429,2.36373735367547,0,1.60299293058864,2.90205008415573,1.40877122098589,9.03013884380406,1.66629133998492,2.13476255703079,0.136786123971265,0.0891318672682492,0.19632487653878,-0.119545257822065,0.310682723960065,-0.0171056248812492
"V11","SR1","SR4",4,"N",2.37838760832914,5.2389753644074,0.039316183967453,0.0943018929117516,0.0732497770016808,0.056870576115489,-1.45162352378097,5.91539556662067,0,-0.650065738439093,11.4686583090442,0,-1.0846241384586,5.33526190659153,0,1.44649277667863,1.28740177474653,0.553339412926653,1.15455066614095,1.80036721871421,1.35358361533286,-0.178723260660427,-0.234249256121197,-0.639234504014516,-0.0808535307192957,-0.287630235682553,-0.21012293236339
"V12","SR2","SR4",4,"N",2.25659276270779,5.2389753644074,0.0342835498348527,0.0943018929117516,0.0360299022277639,0.0673065078947143,-1.17017209402484,0.324218233693713,1,-0.536698255932636,4.04813911717761,1,-2.11840822550147,2.62645175033868,0,1.96323041863916,2.61732303117616,1.62025846753807,10.3326323902059,2.04752997578359,1.98691336582827,0.0643957469904505,0.0417610442986217,0.14624472478316,-0.0476038260190273,0.31023513519619,-0.059563288247706
"V13","SR1","SR5",4,"N",2.37838760832914,6.87156196912803,0.039316183967453,0.0937489394969331,0.0817552320304296,0.124086726123331,-0.582988916767663,5.12188003663197,1,-0.428317654504345,6.244953309886,1,-0.687076132135512,4.67602198209332,0,3.15612334671273,1.14670262891602,3.44659233972741,0.846634459969611,3.0410372293634,1.34148293039197,0.0263765676951929,0.383951249820781,0.0508263299299924,-0.0155176505863531,0.535044968348182,-0.307364282663147
"V14","SR2","SR5",4,"N",2.25659276270779,6.87156196912803,0.0342835498348527,0.0937489394969331,0.0326577279827859,0.112575197331578,-1.59852395609154,0.0541139749695088,1,-1.1044178565028,6.15133068164806,0,-1.23761800081854,2.53303068165873,0,3.28365055176211,2.87065100016599,5.31084216737009,15.9523030203824,2.78538427985849,2.14877072372611,0.0216844089779526,0.0179065408396489,-0.131185374648856,-0.0273846906221012,-0.254695345871267,-0.118271713172196
"V15","SR1","SR4",5,"N",3.34480684668274,6.83669992593848,0.0159851001497388,0.0872718988217912,0.0670485865853339,0.136540576266503,-0.464892588723268,1.98207624685199,1,-0.337827887060363,6.32097710814969,1,-0.553675777679596,0.294429629608545,1,8.54174043249483,1.30162175321502,-9.21751126990775,1.42009103671308,4.22401316895537,1.25849060877187,0.338463293113246,0.200088266980691,2.57852120492135,0.222543094933723,0.158521016986764,0.216436263402595
"V16","SR2","SR4",5,"N",2.77099010448427,6.83669992593848,0.0507761064933799,0.0872718988217912,0.0923432586177138,0.149315156762176,-0.509632868954863,5.31797297311821,1,-0.36295401825764,6.23898770081595,1,-0.61672603474354,4.971450913843,1,2.94065786201318,0.945081429095791,3.39101707828809,0.688547862807371,2.73079389410309,1.11587756332834,0.0572842226840765,0.428548774336011,0.0983080911421647,0.0340485064120456,0.582721305701574,0.345610618414725
"V17","SR1","SR5",5,"N",3.34480684668274,8.00669529178396,0.0159851001497388,0.110704666520859,0.0347513598511305,0.204464620242824,-0.841727488048602,5.86191442831323,0,-0.953961151406271,11.0688119056901,0,-0.864918306263244,3.10977085691654,0,12.7909502178605,3.18562113813965,-15.7598190829918,8.94933995557455,5.84952965177675,2.47698906015271,-0.317693320154319,-0.0915455088225886,-2.682510208337,-0.226397760165293,-0.284436412121345,-0.0120092181636318
"V18","SR2","SR5",5,"N",2.77099010448427,8.00669529178396,0.0507761064933799,0.110704666520859,-0.021065694298053,0.17328970987335,-0.521191241954822,8.15561071222638,0,-0.288529355285554,14.8636544790389,0,-0.713939198680962,4.49857477212324,0,3.41281996278985,-5.25521091090223,4.11309142095762,-1.56070691871355,3.08649879179032,101.992836228934,-0.0481477612131256,-0.521221276543956,-0.094683286966202,-0.0198623767106873,-0.903016682699976,-0.323377739536586
"V19","SR1","SR4",1,"Cd",1.31545414113706,2.46849360468594,0.0133727361377563,0.0500797793376942,0.0326093649277089,0.0207011853240416,-2.63600285813257,2.45650533566102,0,0.200197241752698,39.3045603076385,0,-1.07106437615274,0.27989965235566,1,1.54801419176995,1.53574837929887,-79.7339504273166,1.34766705480515,2.27072273042728,1.63764408179493,-0.0839323329108115,-0.0875640918895646,-2.639433631691,0.0747857219216576,-0.148758303593125,0.0585834641865375
"V20","SR2","SR4",1,"Cd",1.52192086816902,2.46849360468594,0.0367789132415034,0.0500797793376942,0.0210662043606157,0.0445760260271808,-0.731233383191998,0.242798280455913,1,-0.140652067203489,0.798361230100856,1,-1.92758437438932,0.139837167202721,1,1.21199954263137,2.37725688407926,0.435068601741485,41.323796119942,1.60546563813519,1.6739048873175,0.137357972271853,0.15430848992039,0.607937136743481,0.004576437568811,0.528296939436054,0.0139817475552637
"V21","SR1","SR5",1,"Cd",1.31545414113706,2.93774935468168,0.0133727361377563,0.0675530117392148,0.0233505230984207,0.0599708427204093,-1.14147885970605,4.15112206044695,0,-0.827359622636059,9.14172157493954,0,-1.32720336557848,1.81122541648022,0,4.48456038484816,2.8929977908625,149.739158667562,4.07871096581899,3.19304708358742,2.52232211222264,-0.201605146054579,-0.0881978443733016,-0.414324864755868,-0.117498363212641,-0.180570217180941,-0.0435520524741128
"V22","SR2","SR5",1,"Cd",1.52192086816902,2.93774935468168,0.0367789132415034,0.0675530117392148,0.0279453809343729,0.040265202665626,-0.654622715857939,2.52739986734241,1,-0.166134395653839,6.67007964264289,1,-1.16470693614049,2.02563731163579,0,1.09479044150191,2.41732298793338,0.321904158984085,5.25966947245189,1.48620817484954,1.89864373721872,0.262190015059162,0.0857442182607845,0.781378617949171,-0.114284966625556,0.290104866604132,-0.00678385852703786
"V23","SR1","SR4",2,"Cd",1.10413583347984,1.31944617536929,0.00109860553775707,-0.014706916093043,-0.00290043609345781,-0.0450607241816424,-0.855491898412335,72.4783654343161,0,-0.535562220831529,79.1196058785341,0,-0.177963792599521,41.0911450666038,0,-41.0162907731551,5.0705878768423,8.59477155545147,1.54816976545421,-1.77610530889301,-0.0153136846611163,-2.4204258586321,-0.502074059052032,-0.580962057920067,-1.93200985044709,-0.123286566845032,-2.25227490632972
"V24","SR1","SR5",2,"Cd",1.10413583347984,1.98310490968237,0.00109860553775707,0.0392024962809579,0.000181131050011805,0.0747097466886043,-2.19250598825606,14.2771018292022,0,-0.596243593928616,26.0606033952288,0,-1.55908965189888,9.41307938817522,0,68.0041599290796,216.431673522584,-6.88211835603739,-1.65962970835333,8.77238155730475,6.32280951894722,-0.493323089101384,-0.503406649146949,-2.48927139667088,-0.394522839757211,-1.05031503535748,-0.351168734753902
"V25","SR1","SR4",3,"Cd",1.12644790892341,2.21089301651552,0.00298958177295695,0.0214112238747167,-0.00984128714445352,0.0688683581450429,-0.520141881444853,19.0492443919638,0,-0.0181947787885751,38.3500855468165,0,-1.71350649332912,9.60680049295245,0,23.0361178837822,-2.17565279423677,-11.6525887597686,0.0211621709957266,10.2548882275436,7.79509507707898,-0.427835090597357,-0.902053048029975,-2.58476661591689,-0.374010813849465,-1.07841936833824,-0.343629022020205
"V26","SR2","SR4",3,"Cd",1.36665763470407,2.21089301651552,0.00999577568924175,0.0214112238747167,0.0199802671349686,-0.0126453176720862,0.0398748281906786,30.312563172122,0,-0.0422180282167284,54.1488269059035,0,-0.797911049349263,8.36629420285244,0,-1.265066170472,1.07161849889603,30.8218972783905,-0.17984621476425,0.705365079613035,1.17211744196435,-1.91903185546662,-0.197184272822599,-0.521223286573947,-0.402822330448999,-1.94650872718481,-0.152667537886672
"V27","SR1","SR5",3,"Cd",1.12644790892341,1.9285647142429,0.00298958177295695,0.0270742565619218,-0.0102172102624573,0.0547531544573077,-0.577653191073122,19.5318192194617,0,-0.178262273299666,34.173744121809,0,-1.56287745032375,11.6902603306695,0,18.3146535587659,-2.64986780798718,-8.64255934597396,-0.43894944855972,8.38213192952098,13.1738693045999,-0.474089015903667,-0.889489201231997,-2.49776249798051,-0.409895762303227,-1.68580588647739,-0.452873388745204
"V28","SR2","SR5",3,"Cd",1.36665763470407,1.9285647142429,0.00999577568924175,0.0270742565619218,0.0176961104175149,0.00434393862070574,-0.431249134128426,7.25867613232994,1,0.266462463329633,32.2536776114582,1,-2.04054079901882,1.04717582878782,0,0.434577441086541,1.52995522310512,14.8970524987532,3.15010059317029,1.32270488426509,1.3628071154067,0.544340593093932,0.0375894017135952,0.549474138101074,-0.0308459961090264,0.309112691981249,-0.0165379912813726
"V29","SR1","SR4",4,"Cd",1.24266686008474,1.89140591589489,0.00633969827019278,0.00707853128178447,0.0116091183398939,-0.0333699083472616,0.0895726485726491,40.3150820441918,0,-1.38829500050591,75.9941561784791,0,-0.10957054259852,23.2138437642704,0,-5.2636429882091,0.609738920264049,12.7741515248982,6.97659864198039,-0.44183521095103,1.03892977768244,-2.37256233708871,-0.44196134244246,-0.503161511518548,-1.40555443317783,-0.438918650090233,-0.185021971815595
"V30","SR2","SR4",4,"Cd",1.21813625901475,1.89140591589489,0.00103731667601249,0.00707853128178447,-0.00406449975834212,0.0335638467439232,-0.454078889996383,23.4150958068121,0,-0.0220154216802931,57.011795549473,0,-0.994638765999263,7.79701008302017,0,32.3564129644042,-1.74155042505692,-1.30445308318484,0.650036572635277,4.78668173424199,2.617109107873,-0.541276260660935,-1.09340580533422,-1.91537669155373,-0.366221329975126,-0.422223195865422,-0.207190578540717
"V31","SR1","SR5",4,"Cd",1.24266686008474,2.53443992233765,0.00633969827019278,0.046426741269328,0.0191360978661862,0.0738241728670475,-0.711399895920579,6.2324721065727,0,-0.773932871192279,12.4387443236489,0,-0.742388992464072,3.53308618143042,1,11.6447454942998,2.42613418858841,-10.802889215988,5.75480379028793,5.64411279231052,2.02027170460491,-0.37020191933554,-0.0649067158580646,-2.59342048147981,0.280511395113582,-0.283817490587393,0.00375851001623874
"V32","SR2","SR5",4,"Cd",1.21813625901475,2.53443992233765,0.00103731667601249,0.046426741269328,-0.0207539185023972,0.0120270594212538,-0.491615117908105,17.6243354003679,0,-0.0238374321634097,65.8983777339938,0,-0.851524933055667,7.3777871216105,0,11.5943951344604,-2.23701086924695,1.5826817803558,-0.520112850453511,3.39436112654573,15.2691993212601,-0.361998912969648,-0.8684118118792,-0.115467535506181,-0.161533487083385,-1.53922277827557,-0.382636644246213
"V33","SR1","SR4",5,"Cd",1.34785599691607,1.90581005594221,0.0142606541180396,0.0343178419579585,0.0320437856209504,0.00579925126737724,-0.559213896730351,10.0922824747765,0,0.1464745362213,37.7183028683948,0,-2.15375995425803,3.36010794585801,0,0.406660958142252,1.07096715612531,-10.0132076069989,0.894218748572545,1.11627418739605,1.14134557707904,-0.568995635695525,-0.135578597209166,-2.42648926838926,-0.114945144225158,-0.225619153597043,-0.103920618307843
"V34","SR2","SR4",5,"Cd",1.60288667883549,1.90581005594221,0.00227561300895424,0.0343178419579585,0.0351774170270226,0.0184102297550433,-0.366954935910232,6.8440515515172,1,0.267444702671117,43.2038294922101,0,-0.517962807965576,2.64010884775408,1,8.09022873511509,0.975564576887388,0.807215767594095,1.29414427113022,2.67228003593634,0.90598719593864,0.576294595501048,0.0984896605002393,-0.192394284504951,0.341196816560304,-0.0413980511314152,0.135406509766655
"V35","SR1","SR5",5,"Cd",1.34785599691607,2.51447897890933,0.0142606541180396,0.0467984154919517,-0.028554709801941,0.0183082461307423,-0.113473126001429,12.4650752291384,1,0.152471657073547,76.7700725832472,0,-0.412853852368792,8.12825330473478,1,1.28382933764465,-1.63890355799626,-6.73944549489828,-0.56379251724766,1.83022989226953,-9.30582126408776,0.169693716763352,1.03992013379236,-2.50222669492342,0.00799868623634735,-1.54948613789794,0.599109410155255
"V36","SR2","SR5",5,"Cd",1.60288667883549,2.51447897890933,0.00227561300895424,0.0467984154919517,0.0202906542464294,0.00654513068826324,-1.32393413989637,5.6050120490938,0,0.203607328483878,56.2019897646137,0,-1.04552558638822,0.873581812920948,1,2.8762055158364,2.30640249070268,1.78486061556679,-8.2522340733496,2.06433675916388,1.48531802549134,-0.232904357025501,-0.158399302457062,-0.0568189411697832,0.11640739203732,-0.688102465367011,0.0250397870481798
